GA Type,Generations,RMSE,Selected Features
Standard GA,30,1.5251291403280762,15
Standard GA,40,1.4920425313663752,13
Standard GA,50,1.4577101644881247,14
Real-Coded GA,30,1.5236559200200355,9
Real-Coded GA,40,1.510992992340432,7
Real-Coded GA,50,1.5078701018984686,6
NSGA-II,30,1.4805905438848337,11
NSGA-II,40,1.5213874774844751,7
NSGA-II,50,1.4762322823373675,6
Hybrid GA,30,1.4840527459362798,13
Hybrid GA,40,1.4838554821716228,16
Hybrid GA,50,1.4950914996275837,12
